{"cameraMode":{"drawMode":0,"name":"Shaded","section":"Shading Mode"},"sceneLighting":true,"audioPlay":false,"sceneViewState":{"showFog":true,"showMaterialUpdate":false,"showSkybox":true,"showFlares":true,"showImageEffects":true,"showParticleSystems":true},"in2DMode":false,"pivot":{"x":-0.8390169143676758,"y":2.6968607902526857,"z":-9.785798072814942},"rotation":{"x":0.16618701815605164,"y":-0.4006868302822113,"z":0.0741545632481575,"w":0.8979618549346924},"size":8.50529956817627,"orthographic":false}