{"cameraMode":{"drawMode":0,"name":"Shaded","section":"Shading Mode"},"sceneLighting":false,"audioPlay":false,"sceneViewState":{"showFog":true,"showMaterialUpdate":false,"showSkybox":false,"showFlares":true,"showImageEffects":true,"showParticleSystems":true},"in2DMode":false,"pivot":{"x":0.2574913501739502,"y":2.67901873588562,"z":0.6113572120666504},"rotation":{"x":0.125165194272995,"y":-0.38871848583221438,"z":0.0533912368118763,"w":0.911253809928894},"size":2.377399206161499,"orthographic":false}