{"cameraMode":{"drawMode":0,"name":"Shaded","section":"Shading Mode"},"sceneLighting":true,"audioPlay":false,"sceneViewState":{"showFog":true,"showMaterialUpdate":false,"showSkybox":true,"showFlares":true,"showImageEffects":true,"showParticleSystems":true},"in2DMode":false,"pivot":{"x":-1.4039549827575684,"y":-1.2843823432922364,"z":-1.5387935638427735},"rotation":{"x":-0.0672992467880249,"y":0.9311113953590393,"z":-0.22372740507125855,"w":-0.2800869345664978},"size":13.234580039978028,"orthographic":false}